[
  {
    "name": "Del Norte County Hlth  Soc Servc",
    "address": "400 L St, Crescent City, CA 95531",
    "phone": "(707) 464-0861",
    "type": "public",
    "lat": 41.754875,
    "lng": -124.195076,
    "distance": 0.38690261501840323
  },
  {
    "name": "Stallant Health Crescent City",
    "address": "515 E Washington Blvd, Crescent City, CA 95531",
    "phone": "(707) 460-1802",
    "type": "fqhc",
    "lat": 41.772224,
    "lng": -124.198997,
    "distance": 1.1559797072391336
  },
  {
    "name": "Del Norte Community Hlth Ctr",
    "address": "550 E Washington Blvd, Ste 100, Crescent City, CA 95531",
    "phone": "(707) 465-6925",
    "type": "fqhc",
    "lat": 41.773369,
    "lng": -124.198563,
    "distance": 1.2376239777399975
  },
  {
    "name": "Sutter Coast Community Clinic",
    "address": "780 E Washington Blvd, Ste 202, Crescent City, CA 95531",
    "phone": "(707) 464-6715",
    "type": "private",
    "lat": 41.775436,
    "lng": -124.194649,
    "distance": 1.422502749354608
  },
  {
    "name": "Karuk Community Health Clinic",
    "address": "64236 Second Ave, Happy Camp, CA 96039",
    "phone": "(530) 493-5257",
    "type": "public",
    "lat": 41.791592,
    "lng": -123.379883,
    "distance": 42.46323944344688
  },
  {
    "name": "Karuk Tribe Orleans Medical Clinic",
    "address": "325 Asip Road, Orleans, CA 95556",
    "phone": "(530) 627-3452",
    "type": "public",
    "lat": 41.300709,
    "lng": -123.548241,
    "distance": 46.19283583711918
  },
  {
    "name": "Kimaw Medical Center",
    "address": "535 Airport Road, Hoopa, CA 95546",
    "phone": "(530) 625-4261",
    "type": "public",
    "lat": 41.041851,
    "lng": -123.664635,
    "distance": 56.65824429143642
  },
  {
    "name": "Humboldt Open Door Cl-mckinleyville",
    "address": "1644 Central Ave, Mckinleyville, CA 95519",
    "phone": "(707) 839-3068",
    "type": "fqhc",
    "lat": 40.935078,
    "lng": -124.102005,
    "distance": 56.9421433090551
  },
  {
    "name": "Uihs - Valley East",
    "address": "4715 Valley East Blvd, Arcata, CA 95521",
    "phone": "(707) 825-5000",
    "type": "public",
    "lat": 40.901386,
    "lng": -124.082016,
    "distance": 59.36111201400793
  },
  {
    "name": "United Indian Health Serv Arcata",
    "address": "1600 Weeot Way, Arcata, CA 95521",
    "phone": "(707) 825-5010",
    "type": "public",
    "lat": 40.898083,
    "lng": -124.092285,
    "distance": 59.53458568260514
  },
  {
    "name": "North Country Clinic",
    "address": "785 18th St, Arcata, CA 95521",
    "phone": "(707) 822-2481",
    "type": "fqhc",
    "lat": 40.875889,
    "lng": -124.083778,
    "distance": 61.104241902705795
  },
  {
    "name": "United Indian Health Serv Weitchpec",
    "address": "Highway 96 And Highway 169, Weitchpec, CA 95546",
    "phone": "(530) 625-4300",
    "type": "public",
    "lat": 40.952698,
    "lng": -123.641052,
    "distance": 62.6627129729516
  },
  {
    "name": "Willow Creek Community Health Ctr",
    "address": "38883 Hwy 299, Willow Creek, CA 95573",
    "phone": "(530) 629-3111",
    "type": "fqhc",
    "lat": 40.94035,
    "lng": -123.633438,
    "distance": 63.603040324777446
  },
  {
    "name": "Anav Tribal Health Clinic",
    "address": "9024 Sniktaw Ln, Fort Jones, CA 96032",
    "phone": "(530) 468-4470",
    "type": "public",
    "lat": 41.598869,
    "lng": -122.97596,
    "distance": 64.2209403602872
  },
  {
    "name": "Humboldt County Public Health",
    "address": "529 I St, Eureka, CA 95501",
    "phone": "(707) 268-2155",
    "type": "public",
    "lat": 40.802109,
    "lng": -124.162575,
    "distance": 65.92345703465654
  },
  {
    "name": "Echc Pediatrics",
    "address": "2200 Tydd St, Eureka, CA 95501",
    "phone": "(707) 269-7051",
    "type": "fqhc",
    "lat": 40.801899,
    "lng": -124.145241,
    "distance": 65.97238034412177
  },
  {
    "name": "United Indian Health Srv - Eureka",
    "address": "2505 Lucas St, Ste A, Eureka, CA 95501",
    "phone": "(707) 442-0380",
    "type": "public",
    "lat": 40.791428,
    "lng": -124.139305,
    "distance": 66.70966094484518
  },
  {
    "name": "Redwood Community Health Center",
    "address": "2350 Buhne St Ste A, Eureka, CA 95501",
    "phone": "(707) 443-4593",
    "type": "fqhc",
    "lat": 40.785461,
    "lng": -124.14222,
    "distance": 67.11419128937177
  },
  {
    "name": "Scott Valley Rural Health Clinic",
    "address": "8 Commercial St, Etna, CA 96027",
    "phone": "(530) 467-5393",
    "type": "fqhc",
    "lat": 41.462639,
    "lng": -122.890182,
    "distance": 70.75776442689678
  },
  {
    "name": "Fortuna Family Medical Group",
    "address": "874 Main St, Fortuna, CA 95540",
    "phone": "(707) 725-3334",
    "type": "fqhc",
    "lat": 40.598251,
    "lng": -124.158592,
    "distance": 80.00949803015644
  },
  {
    "name": "Karuk Tribal Clinic",
    "address": "1519 S Oregon St, Yreka, CA 96097",
    "phone": "(530) 842-9200",
    "type": "public",
    "lat": 41.717072,
    "lng": -122.642792,
    "distance": 80.4643763419837
  },
  {
    "name": "Fortuna Family Medicine Inc",
    "address": "2404 Newburg Rd, Fortuna, CA 95540",
    "phone": "(707) 617-2002",
    "type": "private",
    "lat": 40.59074,
    "lng": -124.140701,
    "distance": 80.56004855618082
  },
  {
    "name": "Siskiyou County Health Department",
    "address": "810 S Main St, Yreka, CA 96097",
    "phone": "(530) 841-2145",
    "type": "public",
    "lat": 41.725754,
    "lng": -122.638313,
    "distance": 80.67209349824572
  },
  {
    "name": "Providence Family Practice",
    "address": "3302 Renner Dr, Ste A, Fortuna, CA 95540",
    "phone": "(707) 725-3318",
    "type": "fqhc",
    "lat": 40.582462,
    "lng": -124.136024,
    "distance": 81.14158773995881
  },
  {
    "name": "Fortuna Community Health Center",
    "address": "3750 Rohnerville Rd, Fortuna, CA 95540",
    "phone": "(707) 725-6101",
    "type": "private",
    "lat": 40.582275,
    "lng": -124.130898,
    "distance": 81.16629003612307
  },
  {
    "name": "Redwoods Rural Hc - Fortuna",
    "address": "930 S Fortuna Blvd, Fortuna, CA 95540",
    "phone": "(707) 353-2162",
    "type": "fqhc",
    "lat": 40.581516,
    "lng": -124.147179,
    "distance": 81.1842671425615
  },
  {
    "name": "Ferndale Community Health Center",
    "address": "638 Main St, Ferndale, CA 95536",
    "phone": "(707) 786-4028",
    "type": "private",
    "lat": 40.5784,
    "lng": -124.26136,
    "distance": 81.40619912114362
  },
  {
    "name": "Scotia Bluffs Chc",
    "address": "115 Main St., Scotia, CA 95565",
    "phone": "(707) 764-5617",
    "type": "fqhc",
    "lat": 40.484482,
    "lng": -124.102188,
    "distance": 87.9931490548222
  },
  {
    "name": "The Wecare Group, Inc.",
    "address": "321 Van Duzen Rd, Mad River, CA 95526",
    "phone": "(707) 574-6616",
    "type": "fqhc",
    "lat": 40.460751,
    "lng": -123.529778,
    "distance": 96.08738144703499
  },
  {
    "name": "Trinity Community Health Clinic",
    "address": "31 Easter Avenue, Weaverville, CA 96093",
    "phone": "(530) 623-4186",
    "type": "fqhc",
    "lat": 40.737389,
    "lng": -122.939941,
    "distance": 96.1926521403806
  },
  {
    "name": "Mercy Lake Shastina Comm Clinic",
    "address": "16337 Everhart Dr, Weed, CA 96094",
    "phone": "(530) 938-2297",
    "type": "fqhc",
    "lat": 41.527321,
    "lng": -122.362717,
    "distance": 96.30205632491597
  },
  {
    "name": "Weed Health Center",
    "address": "50 Alamo Ave, Weed, CA 96094",
    "phone": "(530) 999-9050",
    "type": "private",
    "lat": 41.426754,
    "lng": -122.384842,
    "distance": 96.64178974885327
  },
  {
    "name": "Redding Rancheria Trinity Healthctr",
    "address": "81 Arbuckle Court, Weaverville, CA 96093",
    "phone": "(530) 623-0021",
    "type": "public",
    "lat": 40.711479,
    "lng": -122.926498,
    "distance": 97.98974987832788
  },
  {
    "name": "Hayfork Community Hlth Clinic",
    "address": "6961 Highway 3, Hayfork, CA 96041",
    "phone": "(530) 628-5517",
    "type": "fqhc",
    "lat": 40.554211,
    "lng": -123.18605,
    "distance": 98.42976785931491
  },
  {
    "name": "Mercy Mt Shasta Community Clinic",
    "address": "912 Pine St, Mount Shasta, CA 96067",
    "phone": "(530) 926-7131",
    "type": "fqhc",
    "lat": 41.318932,
    "lng": -122.323112,
    "distance": 101.77886541905026
  },
  {
    "name": "Mercy Pine Street Clinic",
    "address": "408 Pine St, Mount Shasta, CA 96067",
    "phone": "(530) 926-7196",
    "type": "fqhc",
    "lat": 41.31324,
    "lng": -122.3153,
    "distance": 102.28575040696887
  },
  {
    "name": "Mt Shasta Health Center",
    "address": "101 Old Mccloud Rd, Mount Shasta, CA 96067",
    "phone": "(530) 999-9040",
    "type": "fqhc",
    "lat": 41.304829,
    "lng": -122.310471,
    "distance": 102.70498512108482
  },
  {
    "name": "Dunsmuir Community Health Center",
    "address": "4309 Stagecoach Rd, Dunsmuir, CA 96025",
    "phone": "(530) 235-4138",
    "type": "fqhc",
    "lat": 41.22263,
    "lng": -122.276833,
    "distance": 106.25714842740125
  },
  {
    "name": "Mccloud Health Care Clinic",
    "address": "116 W Minnesota Avenue, Mccloud, CA 96057",
    "phone": "(530) 964-2389",
    "type": "fqhc",
    "lat": 41.251759,
    "lng": -122.136559,
    "distance": 112.4328092352076
  },
  {
    "name": "Redwoods Rural Health Center",
    "address": "101 West Coast Rd, Redway, CA 95560",
    "phone": "(707) 923-2783",
    "type": "VFA",
    "lat": 40.116817,
    "lng": -123.813217,
    "distance": 115.05109573133466
  },
  {
    "name": "Southern Humboldt Community Clinic",
    "address": "733 Cedar St, Garberville, CA 95542",
    "phone": "(707) 923-3921",
    "type": "fqhc",
    "lat": 40.10157,
    "lng": -123.792442,
    "distance": 116.28336393715098
  },
  {
    "name": "Butte Valley Health Center",
    "address": "610 West 3rd St, Dorris, CA 96023",
    "phone": "(530) 999-9070",
    "type": "fqhc",
    "lat": 41.964256,
    "lng": -121.924263,
    "distance": 118.12211260358053
  },
  {
    "name": "Shasta Lake Family Health Center",
    "address": "4215 Front St, Shasta Lake, CA 96019",
    "phone": "(530) 646-3959",
    "type": "fqhc",
    "lat": 40.681114,
    "lng": -122.370369,
    "distance": 120.74763829795813
  },
  {
    "name": "Mercy Family Health Center",
    "address": "2480 Sonoma St, Redding, CA 96001",
    "phone": "(530) 225-7836",
    "type": "public",
    "lat": 40.5737,
    "lng": -122.404091,
    "distance": 124.18038076820152
  },
  {
    "name": "Redding Rancheria Tribal Health",
    "address": "1441 Liberty St, Redding, CA 96001",
    "phone": "(530) 226-1726",
    "type": "public",
    "lat": 40.585911,
    "lng": -122.386597,
    "distance": 124.31039620897432
  },
  {
    "name": "Schc Residency",
    "address": "1035 Placer St, Redding, CA 96001",
    "phone": "(530) 646-3959",
    "type": "fqhc",
    "lat": 40.582821,
    "lng": -122.385391,
    "distance": 124.49858172586015
  },
  {
    "name": "Schc Fellowship",
    "address": "1035 Placer St, Redding, CA 96001",
    "phone": "(530) 646-3959",
    "type": "fqhc",
    "lat": 40.582821,
    "lng": -122.385391,
    "distance": 124.49858172586015
  },
  {
    "name": "Schc Urgent Care",
    "address": "1035 Placer St, Redding, CA 96001",
    "phone": "(530) 646-3959",
    "type": "fqhc",
    "lat": 40.582821,
    "lng": -122.385391,
    "distance": 124.49858172586015
  },
  {
    "name": "Schc Peds",
    "address": "1035 Placer St, Redding, CA 96001",
    "phone": "(530) 646-3959",
    "type": "fqhc",
    "lat": 40.582821,
    "lng": -122.385391,
    "distance": 124.49858172586015
  },
  {
    "name": "Schc Family Practice",
    "address": "1035 Placer St, Redding, CA 96001",
    "phone": "(530) 646-3959",
    "type": "fqhc",
    "lat": 40.582821,
    "lng": -122.385391,
    "distance": 124.49858172586015
  }
]